Tomkiewicz,Aleshia,Alan D Rosenburg Cpa Pc
Zigomalas,Evan,Cap Gemini America
Andrade,France,"Elliott, John W Esq"
Mcwalters,Ulysses,"Mcmahan, Ben L"
Veness,Tyisha,Champagne Room
Rampy,Eric,"Thompson, Michael C Esq"
Grasmick,Marg,Wrangle Hill Auto Auct & Slvg
Hisaw,Laquita,In Communications Inc
Manzella,Lura,Bizerba Usa Inc
Klapec,Yuette,Max Video
Writer,Fernanda,K & R Associates Inc
Erm,Charlesetta,"Cain, John M Esq"
Jaret,Corrinne,Sound Vision Corp
Bruch,Niesha,Rowley/hansell Petetin
Gastellum,Rueben,Industrial Engineering Assocs
Throssell,Michell,Weiss Spirt & Guyer
Kanne,Edgar,"Crowan, Kenneth W Esq"
Julio,Dewitt,Rittenhouse Motor Co
Spinello,Charisse,Modern Plastics Corp
Lapinski,Mee,Galloway Electric Co Inc
Gutierres,Peter,Niagara Custombuilt Mfg Co
Salvadore,Octavio,Practical Periphrals
Teplica,Martha,"Curtin, Patricia M Esq"
Veigel,Tamesha,"Wilhelm, James E Jr"
Sitra,Tess,Smart Signs
Kufner,Leonard,Arctic Star Distributing Inc
Tauras,Svetlana,"Lensbower, Gregory L Esq"
Molaison,Pok,Portal Metal Products
Growcock,Augustine,"Lynema, Cliff Cpa"
Quarto,Karma,J C S Machinery
Weisinger,Reed,"Berick, Joseph G Esq"
Zelaya,German,Jackson & Heit Machine Co Inc
Savidge,Milly,Bridgeway Plan For Health
Ear,Luis,Wa Inst For Plcy Studies
Cobbley,Ciara,Wmgl 101.7 Fm
Mould,Alethea,"Hughlett, Henry T Jr"
Loperfido,Margurite,Penrose Place Pharmacy Inc
Sperazza,Vernice,"Novak, Alan Paul Esq"
Rawicki,Vicente,B & S Tool And Cutter Svc Inc
Cua,Craig,"Berry, John M Esq"
Dulle,Jenise,"Alden, Michael H Esq"
Cornelison,Marylin,Ernest E Heuer & Company Pc
Gunst,Marget,"Frankel, Stephen"
Bunselmeyer,Annett,Guynes Design Inc
Turziano,Kip,General Appraisal Co
Orizabal,Melina,Sheraton Inn Ocean Front
Clapham,Tina,Cooper Myers Y Co
Devereux,Luisa,Cash 4 Checks
Aschoff,Pedro,Charlotte Chamber
Kunimitsu,Carrol,Kisc 98 Kiss Fm
Mosseri,Alba,"Schwartzbard, Gail L Esq"
Sandlin,Domonique,Marketing Horizons Inc
Neufville,Rory,"Brady, Brad J Esq"
Klingaman,Dustin,Welders Supply
Moonshower,Lyndia,Bomarko Inc
Hiltner,Jules,"Benitez, Brigida Esq"
Kopczynski,Dong,Kennedy Scales Inc
Salta,Justine,Barajas & Bustamante Archl
Kamens,Chantay,Brewster Wallcoverings Co
Chisum,Tequila,Bohs Well Drilling Inc
Consolazio,Maybelle,"Gavin, Lee W Esq"
Bairo,Margarett,"Reid, Carleton B Esq"
Noonon,Janessa,"Canterbury, Christopher C"
Cowser,Sol,Omni Mandalay
Smethers,Louann,Lba Savings Bank
Yadao,Lindsay,"Lutz, Christopher T Esq"
Hanton,Malika,Association Of Art Museum Dir
Ferenz,Stefany,L & L Sales Co Inc
Cratch,Abraham,"Cavuto, John A"
Rohaley,Giuseppe,Pacific Coast Packaging
Bassil,Kiera,Storm Eye Institute
Rubano,Wendell,Automation Engrg & Mfg Inc
Stifflemire,Stevie,Packaging Corp Of America
Paletta,Yun,"Goe, Douglas E Esq"
Thurm,Brittani,Burgess Steel Products Corp
Venus,Billy,Tipton & Hurst
Elkan,Brynn,A O Hardee & Son Inc
Piehler,Elroy,"Jonson, Geo D Esq"
Shulick,Anisha,Dale Yoder Clu Life Hlth & Bus
Kham,Bettina,Council Of Cmnty Blood Ctrs
Mancilla,Velda,"Tremont, Michael A Esq"
Brace,Marta,"Trautman, Eileen Esq"
Vanwyhe,Juan,Office Service Co
Filion,Lelia,Alphabetland Pre School Center
Frankel,Una,Shamrock Food Service
Joulwan,Eva,Central Hrdwr & Elec Corp
Dormanen,Mammie,Matt Parrott & Sons Co
Coolidge,Jeannetta,Tiny Tots Originals Div
Drawe,Elbert,"Lovitch, Alan F"
Gazzola,Lenny,Wise Industries
Alpheaus,Mira,East County Process
Ungar,Cathern,Agopgee Enterprises Inc
Fleckles,Malcom,L Winik & Associates Inc
Damato,Monroe,"Rosati, Marc D Esq"
Fletchen,Leota,Rust Evader Corp
Gutoski,Berry,Budget Annex
Riherd,Meghan,Kiqo Pure Gold Oldies 104 Fm
Torner,Mike,Segall Majestic Inc
Delisle,Elsa,Taos Valley Resort Assn
Rosenlof,Linwood,Exhibit Crafts Inc
Alexy,Latosha,"Laitinen, Stephen B Esq"
Meenan,Alexia,Herr Foods Inc
Stanwick,Graham,Tiburon Pen Chmbr Commrce Inc
Fulda,Elinore,Agri Business Insurance Agency
Creecy,Lisbeth,"Gerstenfeld, Gerald F Esq"
Faurote,Eloisa,"Mcdonald, Michael J Esq"
Cantua,Shawana,Best Western Riverview Inn
Ansbro,Alyssa,"Berg, Michael D Esq"
Mcmillian,Kyoko,Nature Conservancy
Gauthier,Terry,"Walker, Susan S Esq"
Langenbach,Sena,Alternative Collection Svc Inc
Nesset,Cristen,"Johnson, Matthew E Esq"
Ker,Lashawn,"Thornsjo, Dale O Esq"
Sovel,Wade,Manhattan Supply Co Deer Pk
Tishler,Whitney,Clifford Standifer & Mcdowell
Conatser,Deja,Universal Case Co
Casper,Earnestine,A O J Mfg Corp
Marruffo,Frankie,Paralegal Personnel
Dease,Paola,Sunderland Publishing Co
Hawkin,Rodrigo,"Godfroy, William Esq"
Alsman,Luther,Crossroads Travel Service Inc
Dondero,Casey,Sarrail Lynch & Hall
Bontemps,Ressie,Typesetters
Schurman,Sean,Cooper Electric Supply Co
Pince,Celestina,Mcallister & Murphy Pc
Karas,Maira,"Blanton, Mary R Attorney"
Barbone,Beth,Upper Deck Co
Nobel,Wei,Victory Coating
Slotemaker,Melissia,Twining Nemia & Steflik
Akey,Letha,Jeanettes Drapery & Upholstery
Semrad,Isaac,"Prugh, Pamela J Cpa"
Klipfel,Kristine,"Neeley, Gregory W Esq"
Moussette,Odette,Village Business Center
Panfilov,Hobert,"Carlin, Angela G Esq"
Mchughes,Isadora,Fan Shop
Pogorelc,Emily,Mccartney Printing Services
Barresi,Desire,Greater Cinc Schl Empl Crdt Un
Stamps,Rosalind,"Haar, Allen F"
Connley,Vernell,Harmons
Mathieson,Micheline,Mail Boxes Etc
Outhouse,Nathan,Grt Amercn Fed Svngs & Ln Assn
Burau,Allene,Allied Plastics
Sakshaug,Julie,Newton Clerk
Shuhi,Francisca,"Thompson, Chesney Md"
Wilcoxon,Marisha,Young Door Company
Maraia,Telma,Reliable Yard Service
Crete,Luke,M D & W Railway
Mias,Hubert,Chuckmaster Co
Altobell,Janella,"Shannon, Paul V Esq"
Lavista,Angelo,Computemp
Mandiola,Tran,N Rockland Educl Fed Crdt Un
Vanhooser,Reynalda,A All In One Construction
Rieger,Salley,Barnett Industries Inc
Yurich,Cheryll,Blaineco Structural Movers
Viengxay,Crista,Green Point Savings Bank
Sutulovich,Lino,Sherpa Corp
Wendorf,Galen,"Russell, Amelia Mosley Esq"
Langarica,Gilbert,Inter American Press Assn
Goossen,Whitney,Eagle Newspapers
Abrahams,Socorro,Martin Morrissey
Flam,Mauricio,"Callender, William C Esq"
Aloi,Phillip,"Duffield, Michael C"
Erixon,Gilberto,Advanced Data Systems
Puskarich,Thad,"Drubner, Norman S Esq"
Favaron,Bambi,Desktop Center
Kozikowski,Marshall,Viking Lodge
Wiederin,Chery,"Rosenkrance, Brent"
Montecalvo,Eileen,Holiday House Apts
Szpak,Melita,Or Draymen & Warehousemans
Jessie,Ashley,"Haney, Tom C Md"
Fend,Laila,Burlington Co Library
Guillereault,Bobbie,Geneva Woods Professional Ctr
Paluszynski,Dana,Chile Pepper Magazine
Newyear,Freida,"Flash, Elena Salerno Esq"
Cellucci,Val,Owensboro Brick & Tile
Knapp,Horace,Mouw & Celello Pc
Reinecke,Joana,Visiting Nur Assn Ctrl Jersey
Schlichter,Tiara,C C Industries
Swaisgood,Dacia,Nelson & Paulson Chartered
Babineaux,Myong,Capital Thrpy & Spts Medcn Inc
Bleile,Gene,Sun Toledo Refinery Co
Difiora,Kanisha,"Mata, Mario A Esq"
Moeder,Ayesha,Meredith Paving Corp
Smalarz,Lanie,Philosophical Rsrch Scty Bkstr
Polintan,Jaleesa,New Jersey Tanning Co Inc
Flotow,Tamekia,All County Inc
Otey,Ula,Mail Boxes Etc
Ratel,Rosendo,Elmark Graphics Inc
Lintner,Timmy,Interdependence Associates Inc
Speltz,Zita,Mmm Design Group
Lemm,Aleisha,Pathe Cmptr Cntrl Systems Corp
Lavezzo,Naomi,Torrefazione Italia Inc
Bowling,Aretha,"Sawyer, Robert M Esq"
Figuera,Mila,U S Sapporo A Inc
Zuehl,Orville,"Teti, Louis N Esq"
Geschke,Gabriele,Levy Security Consultants Ltd
Jaquish,Kara,El Adobe Inn
Lin,Kenny,Mcmahan Mcmahan & Brinkley
Sugai,Vashti,Accurate Engraving Co
Handsaker,Jordan,Shirleys Print Shoppe